{
  "Produkt": {
    "klaer": {
      "Moncler_Genius": {
        "M001": {
          "Vare": "T-skjorte",
          "Merke": "Moncler",
          "Navn": "T-shirt",
          "Bilde1": "https://www.ymeuniverse.com/images/37709/large.jpg",
          "Bilde2": "https://www.ymeuniverse.com/images/37710/small.jpg",
          "Bilde3": "https://www.ymeuniverse.com/images/37707/small.jpg",
          "Bilde4": "https://www.ymeuniverse.com/images/37711/small.jpg",
          "Farge": "sort",
          "Pris": 2299
        },
        "M002": {
          "Vare": "Jakke",
          "Merke": "Moncler",
          "Navn": "Baudrier Jacket",
          "Bilde1": "https://www.ymeuniverse.com/images/38203/large.jpg",
          "Bilde2": "https://www.ymeuniverse.com/images/38204/small.jpg",
          "Bilde3": "https://www.ymeuniverse.com/images/38208/small.jpg",
          "Bilde4": "https://www.ymeuniverse.com/images/38207/small.jpg",
          "Farge": "multi",
          "Pris": 15499
        },
        "M003": {
          "Vare": "T-skjorte",
          "Merke": "Moncler",
          "Navn": "T-shirt",
          "Bilde1": "https://www.ymeuniverse.com/images/37724/large.jpg",
          "Bilde2": "https://www.ymeuniverse.com/images/37726/small.jpg",
          "Bilde3": "https://www.ymeuniverse.com/images/37725/small.jpg",
          "Bilde4": "https://www.ymeuniverse.com/images/37728/small.jpg",
          "Farge": "sort",
          "Pris": 2999
        },
        "M004": {
          "Vare": "T-skjorte",
          "Merke": "Moncler",
          "Navn": "T-shirt",
          "Bilde1": "https://www.ymeuniverse.com/images/37704/large.jpg",
          "Bilde2": "https://www.ymeuniverse.com/images/37705/small.jpg",
          "Bilde3": "https://www.ymeuniverse.com/images/37706/small.jpg",
          "Bilde4": "https://www.ymeuniverse.com/images/37703/small.jpg",
          "Farge": "hvit",
          "Pris": 2699
        },
        "M005": {
          "Vare": "T-skjorte",
          "Merke": "Moncler",
          "Navn": "T-shirt",
          "Bilde1": "https://www.ymeuniverse.com/images/37654/large.jpg",
          "Bilde2": "https://www.ymeuniverse.com/images/37655/small.jpg",
          "Bilde3": "https://www.ymeuniverse.com/images/37656/small.jpg",
          "Bilde4": "https://www.ymeuniverse.com/images/37657/small.jpg",
          "Farge": "blå",
          "Pris": 2399
        },
        "M006": {
          "Vare": "T-skjorte",
          "Merke": "Moncler",
          "Navn": "T-shirt",
          "Bilde1": "https://www.ymeuniverse.com/images/37700/large.jpg",
          "Bilde2": "https://www.ymeuniverse.com/images/37702/small.jpg",
          "Bilde3": "https://www.ymeuniverse.com/images/37701/small.jpg",
          "Bilde4": "https://www.ymeuniverse.com/images/37699/small.jpg",
          "Farge": "gul",
          "Pris": 2299
        },
        "M007": {
          "Vare": "Bukse",
          "Merke": "Moncler",
          "Navn": "Trousers",
          "Bilde1": "https://www.ymeuniverse.com/images/37640/large.jpg",
          "Bilde2": "https://www.ymeuniverse.com/images/37643/small.jpg",
          "Bilde3": "https://www.ymeuniverse.com/images/37641/small.jpg",
          "Bilde4": "https://www.ymeuniverse.com/images/37647/small.jpg",
          "Farge": "sort",
          "Pris": 4399
        },
        "M008": {
          "Vare": "Bukse",
          "Merke": "Moncler",
          "Navn": "Sport Trousers",
          "Bilde1": "https://www.ymeuniverse.com/images/37729/large.jpg",
          "Bilde2": "https://www.ymeuniverse.com/images/37734/small.jpg",
          "Bilde3": "https://www.ymeuniverse.com/images/37732/small.jpg",
          "Bilde4": "https://www.ymeuniverse.com/images/37730/small.jpg",
          "Farge": "sort",
          "Pris": 3899
        },
        "M009": {
          "Vare": "Skjorte",
          "Merke": "Moncler",
          "Navn": "Shirts",
          "Bilde1": "https://www.ymeuniverse.com/images/37682/large.jpg",
          "Bilde2": "https://www.ymeuniverse.com/images/37685/small.jpg",
          "Bilde3": "https://www.ymeuniverse.com/images/37683/small.jpg",
          "Bilde4": "https://www.ymeuniverse.com/images/37681/small.jpg",
          "Farge": "hvit",
          "Pris": 4199
        },
        "M010": {
          "Vare": "Jakke",
          "Merke": "Moncler",
          "Navn": "Rhythm Jacket",
          "Bilde1": "https://www.ymeuniverse.com/images/37713/small.jpg",
          "Bilde2": "https://www.ymeuniverse.com/images/37712/large.jpg",
          "Bilde3": "https://www.ymeuniverse.com/images/37715/small.jpg",
          "Bilde4": "https://www.ymeuniverse.com/images/37718/small.jpg",
          "Farge": "sort",
          "Pris": 12199
        },
        "M011": {
          "Vare": "Jakke",
          "Merke": "Moncler",
          "Navn": "Raggae Jacket",
          "Bilde1": "https://www.ymeuniverse.com/images/37648/large.jpg",
          "Bilde2": "https://www.ymeuniverse.com/images/37651/small.jpg",
          "Bilde3": "https://www.ymeuniverse.com/images/37715/small.jpg",
          "Bilde4": "String",
          "Farge": "sort",
          "Pris": 13999
        },
        "M012": {
          "Vare": "Hettegenser",
          "Merke": "Moncler",
          "Navn": "Jumper",
          "Bilde1": "https://www.ymeuniverse.com/images/37687/large.jpg",
          "Bilde2": "https://www.ymeuniverse.com/images/37691/small.jpg",
          "Bilde3": "String",
          "Bilde4": "String",
          "Farge": "gul",
          "Pris": 6099
        },
        "M013": {
          "Vare": "Hettegenser",
          "Merke": "Moncler",
          "Navn": "Jumper",
          "Bilde1": "https://www.ymeuniverse.com/images/37692/large.jpg",
          "Bilde2": "https://www.ymeuniverse.com/images/37697/small.jpg",
          "Bilde3": "https://www.ymeuniverse.com/images/37688/small.jpg",
          "Bilde4": "https://www.ymeuniverse.com/images/37690/small.jpg",
          "Farge": "sort",
          "Pris": 6099
        },
        "M014": {
          "Vare": "Jakke",
          "Merke": "Moncler",
          "Navn": "Jazz Jacket",
          "Bilde1": "https://www.ymeuniverse.com/images/37743/large.jpg",
          "Bilde2": "https://www.ymeuniverse.com/images/37745/small.jpg",
          "Bilde3": "https://www.ymeuniverse.com/images/37744/small.jpg",
          "Bilde4": "https://www.ymeuniverse.com/images/37746/small.jpg",
          "Farge": "sort",
          "Pris": 9899
        },
        "M015": {
          "Vare": "Jakke",
          "Merke": "Moncler",
          "Navn": "Downbeat Jacket",
          "Bilde1": "https://www.ymeuniverse.com/images/37735/large.jpg",
          "Bilde2": "https://www.ymeuniverse.com/images/37738/small.jpg",
          "Bilde3": "https://www.ymeuniverse.com/images/37736/small.jpg",
          "Bilde4": "https://www.ymeuniverse.com/images/37741/small.jpg",
          "Farge": "sort",
          "Pris": 9899
        },
        "M016": {
          "Vare": "Jakke",
          "Merke": "Moncler",
          "Navn": "Downbeat Jacket",
          "Bilde1": "https://www.ymeuniverse.com/images/37735/large.jpg",
          "Bilde2": "https://www.ymeuniverse.com/images/37738/small.jpg",
          "Bilde3": "String",
          "Bilde4": "String",
          "Farge": "sort",
          "Pris": 9899
        },
        "M017": {
          "Vare": "Småting",
          "Merke": "Moncler",
          "Navn": "Backpack",
          "Bilde1": "https://www.ymeuniverse.com/images/37668/small.jpg",
          "Bilde2": "https://www.ymeuniverse.com/images/37665/small.jpg",
          "Bilde3": "https://www.ymeuniverse.com/images/37667/small.jpg",
          "Bilde4": "https://www.ymeuniverse.com/images/37669/small.jpg",
          "Farge": "sort",
          "Pris": 7499
        },
        "M018": {
          "Vare": "Småting",
          "Merke": "Moncler",
          "Navn": "Bandana",
          "Bilde1": "https://www.ymeuniverse.com/images/37992/large.jpg",
          "Bilde2": "https://www.ymeuniverse.com/images/37994/small.jpg",
          "Bilde3": "https://www.ymeuniverse.com/images/37995/small.jpg",
          "Bilde4": "https://www.ymeuniverse.com/images/37993/small.jpg",
          "Farge": "sort",
          "Pris": 1899
        }
      },
      "Off_White": {
        "W001": {
          "Navn": "Real Camo Slim Sweatpants",
          "Merke": "Off-White",
          "Vare": "Bukse",
          "Bilde1": "https://www.ymeuniverse.com/images/36899/large.jpg",
          "Bilde2": "https://www.ymeuniverse.com/images/36896/small.jpg",
          "Bilde3": "https://www.ymeuniverse.com/images/36897/small.jpg",
          "Bilde4": "https://www.ymeuniverse.com/images/36898/small.jpg",
          "Farge": "multi",
          "Pris": 4999
        },
        "W002": {
          "Navn": "Off White Logo S/S Slim Tee",
          "Merke": "Off-White",
          "Vare": "T-Skjorte",
          "Bilde1": "https://www.ymeuniverse.com/images/35829/large.jpg",
          "Bilde2": "https://www.ymeuniverse.com/images/35827/small.jpg",
          "Bilde3": "https://www.ymeuniverse.com/images/35828/small.jpg",
          "Bilde4": "https://www.ymeuniverse.com/images/35831/small.jpg",
          "Farge": "hvit",
          "Pris": 1799
        },
        "W003": {
          "Navn": "Off White Logo S/S Slim Tee",
          "Merke": "Off-White",
          "Vare": "T-Skjorte",
          "Bilde1": "https://www.ymeuniverse.com/images/35822/large.jpg",
          "Bilde2": "https://www.ymeuniverse.com/images/35823/small.jpg",
          "Bilde3": "https://www.ymeuniverse.com/images/35824/small.jpg",
          "Bilde4": "https://www.ymeuniverse.com/images/35825/small.jpg",
          "Farge": "sort",
          "Pris": 1799
        },
        "W004": {
          "Navn": "Exaggerated Sleeve Jacket",
          "Merke": "Off-White",
          "Vare": "Jakke",
          "Bilde1": "https://www.ymeuniverse.com/images/35389/large.jpg",
          "Bilde2": "https://www.ymeuniverse.com/images/35390/small.jpg",
          "Bilde3": "https://www.ymeuniverse.com/images/35391/small.jpg",
          "Bilde4": "https://www.ymeuniverse.com/images/35392/small.jpg",
          "Farge": "blå",
          "Pris": 6599
        },
        "W005": {
          "Navn": "Slim Denim",
          "Merke": "Off-White",
          "Vare": "Bukse",
          "Bilde1": "https://www.ymeuniverse.com/images/35360/large.jpg",
          "Bilde2": "https://www.ymeuniverse.com/images/35361/small.jpg",
          "Bilde3": "https://www.ymeuniverse.com/images/35362/small.jpg",
          "Bilde4": "https://www.ymeuniverse.com/images/35363/small.jpg",
          "Farge": "blå",
          "Pris": 3999
        },
        "W006": {
          "Navn": "Off White Logo Slim Hoodie",
          "Merke": "Off-White",
          "Vare": "Hettegenser",
          "Bilde1": "https://www.ymeuniverse.com/images/35185/large.jpg",
          "Bilde2": "https://www.ymeuniverse.com/images/35186/small.jpg",
          "Bilde3": "https://www.ymeuniverse.com/images/35187/small.jpg",
          "Bilde4": "https://www.ymeuniverse.com/images/35188/small.jpg",
          "Farge": "sort",
          "Pris": 3799
        },
        "W007": {
          "Navn": "Off White Logo Slim Hoodie",
          "Merke": "Off-White",
          "Vare": "Hettegenser",
          "Bilde1": "https://www.ymeuniverse.com/images/35178/large.jpg",
          "Bilde2": "https://www.ymeuniverse.com/images/35177/small.jpg",
          "Bilde3": "https://www.ymeuniverse.com/images/35179/small.jpg",
          "Bilde4": "https://www.ymeuniverse.com/images/35180/small.jpg",
          "Farge": "grå",
          "Pris": 3799
        },
        "W008": {
          "Navn": "Off White Logo Sweatpants",
          "Merke": "Off-White",
          "Vare": "Bukse",
          "Bilde1": "https://www.ymeuniverse.com/images/35171/large.jpg",
          "Bilde2": "https://www.ymeuniverse.com/images/35172/small.jpg",
          "Bilde3": "https://www.ymeuniverse.com/images/35173/small.jpg",
          "Bilde4": "https://www.ymeuniverse.com/images/35174/small.jpg",
          "Farge": "sort",
          "Pris": 3199
        },
        "W009": {
          "Navn": "Off White Logo Sweat Shorts",
          "Merke": "Off-White",
          "Vare": "Bukse",
          "Bilde1": "https://www.ymeuniverse.com/images/35166/large.jpg",
          "Bilde2": "https://www.ymeuniverse.com/images/35167/small.jpg",
          "Bilde3": "https://www.ymeuniverse.com/images/35168/small.jpg",
          "Bilde4": "https://www.ymeuniverse.com/images/35169/small.jpg",
          "Farge": "sort",
          "Pris": 2599
        },
        "W010": {
          "Navn": "Diag Raincoat",
          "Merke": "Off-White",
          "Vare": "Jakke",
          "Bilde1": "https://www.ymeuniverse.com/images/35161/large.jpg",
          "Bilde2": "https://www.ymeuniverse.com/images/35162/small.jpg",
          "Bilde3": "https://www.ymeuniverse.com/images/35163/small.jpg",
          "Bilde4": "https://www.ymeuniverse.com/images/35164/small.jpg",
          "Farge": "blå",
          "Pris": 8599
        },
        "W011": {
          "Navn": "Denim Hip Bag",
          "Merke": "Off-White",
          "Vare": "Småting",
          "Bilde1": "https://www.ymeuniverse.com/images/34628/large.jpg",
          "Bilde2": "https://www.ymeuniverse.com/images/34629/small.jpg",
          "Bilde3": "https://www.ymeuniverse.com/images/34630/small.jpg",
          "Bilde4": "https://www.ymeuniverse.com/images/34631/small.jpg",
          "Farge": "rød",
          "Pris": 3799
        },
        "W012": {
          "Navn": "Slim Back Dart",
          "Merke": "Off-White",
          "Vare": "Bukse",
          "Bilde1": "https://www.ymeuniverse.com/images/31591/large.jpg",
          "Bilde2": "https://www.ymeuniverse.com/images/31590/small.jpg",
          "Bilde3": "https://www.ymeuniverse.com/images/31592/small.jpg",
          "Bilde4": "https://www.ymeuniverse.com/images/31593/small.jpg",
          "Farge": "blå",
          "Pris": 4699
        },
        "W013": {
          "Navn": "Lake Holiday Shirt",
          "Merke": "Off-White",
          "Vare": "Skjorte",
          "Bilde1": "https://www.ymeuniverse.com/images/29513/large.jpg",
          "Bilde2": "https://www.ymeuniverse.com/images/29514/small.jpg",
          "Bilde3": "https://www.ymeuniverse.com/images/29515/small.jpg",
          "Bilde4": "https://www.ymeuniverse.com/images/29512/small.jpg",
          "Farge": "multi",
          "Pris": 5199
        },
        "W014": {
          "Navn": "Windbreaker",
          "Merke": "Off-White",
          "Vare": "Jakke",
          "Bilde1": "https://www.ymeuniverse.com/images/29475/large.jpg",
          "Bilde2": "https://www.ymeuniverse.com/images/29471/small.jpg",
          "Bilde3": "https://www.ymeuniverse.com/images/29476/small.jpg",
          "Bilde4": "https://www.ymeuniverse.com/images/29479/small.jpg",
          "Farge": "rød",
          "Pris": 7999
        },
        "W015": {
          "Navn": "Qute Puffer Jacket",
          "Merke": "Off-White",
          "Vare": "Jakke",
          "Bilde1": "https://www.ymeuniverse.com/images/26724/large.jpg",
          "Bilde2": "https://www.ymeuniverse.com/images/26725/small.jpg",
          "Bilde3": "https://www.ymeuniverse.com/images/26726/small.jpg",
          "Bilde4": "https://www.ymeuniverse.com/images/26727/small.jpg",
          "Farge": "rød",
          "Pris": 14499
        }
      },
      "Stone_Island": {
        "S001": {
          "Navn": "LS T-Sshirt",
          "Merke": "Stone Island",
          "Vare": "Genser",
          "Bilde1": "https://www.ymeuniverse.com/images/37942/large.jpg",
          "Bilde2": "https://www.ymeuniverse.com/images/37941/small.jpg",
          "Bilde3": "https://www.ymeuniverse.com/images/37943/small.jpg",
          "Bilde4": "https://www.ymeuniverse.com/images/37944/small.jpg",
          "Farge": "blå",
          "Pris": 1699
        },
        "S002": {
          "Navn": "Crew Neck",
          "Merke": "Stone Island",
          "Vare": "Genser",
          "Bilde1": "https://www.ymeuniverse.com/images/37936/large.jpg",
          "Bilde2": "https://www.ymeuniverse.com/images/37938/small.jpg",
          "Bilde3": "https://www.ymeuniverse.com/images/37937/small.jpg",
          "Bilde4": "https://www.ymeuniverse.com/images/37940/small.jpg",
          "Farge": "grå",
          "Pris": 3699
        },
        "S003": {
          "Navn": "Overshirt",
          "Merke": "Stone Island",
          "Vare": "Genser",
          "Bilde1": "https://www.ymeuniverse.com/images/37931/large.jpg",
          "Bilde2": "https://www.ymeuniverse.com/images/37932/small.jpg",
          "Bilde3": "String",
          "Bilde4": "String",
          "Farge": "sort",
          "Pris": 3499
        },
        "S004": {
          "Navn": "Jacket",
          "Merke": "Stone Island",
          "Vare": "Jakke",
          "Bilde1": "https://www.ymeuniverse.com/images/37925/large.jpg",
          "Bilde2": "https://www.ymeuniverse.com/images/37927/small.jpg",
          "Bilde3": "https://www.ymeuniverse.com/images/37926/small.jpg",
          "Bilde4": "https://www.ymeuniverse.com/images/37930/small.jpg",
          "Farge": "hvit",
          "Pris": 6399
        },
        "S005": {
          "Navn": "T-shirt",
          "Merke": "Stone Island",
          "Vare": "T-skjorte",
          "Bilde1": "https://www.ymeuniverse.com/images/37911/large.jpg",
          "Bilde2": "https://www.ymeuniverse.com/images/37912/small.jpg",
          "Bilde3": "https://www.ymeuniverse.com/images/37911/small.jpg",
          "Bilde4": "https://www.ymeuniverse.com/images/37913/small.jpg",
          "Farge": "grønn",
          "Pris": 1499
        },
        "S006": {
          "Navn": "T-shirt",
          "Merke": "Stone Island",
          "Vare": "T-skjorte",
          "Bilde1": "https://www.ymeuniverse.com/images/37907/large.jpg",
          "Bilde2": "https://www.ymeuniverse.com/images/37909/small.jpg",
          "Bilde3": "https://www.ymeuniverse.com/images/37910/small.jpg",
          "Bilde4": "https://www.ymeuniverse.com/images/37908/small.jpg",
          "Farge": "blå",
          "Pris": 1499
        },
        "S007": {
          "Navn": "Jacket",
          "Merke": "Stone Island",
          "Vare": "Jakke",
          "Bilde1": "https://www.ymeuniverse.com/images/37903/large.jpg",
          "Bilde2": "https://www.ymeuniverse.com/images/37904/small.jpg",
          "Bilde3": "https://www.ymeuniverse.com/images/37905/small.jpg",
          "Bilde4": "https://www.ymeuniverse.com/images/37902/small.jpg",
          "Farge": "sort",
          "Pris": 9799
        },
        "S008": {
          "Navn": "Jacket",
          "Merke": "Stone Island",
          "Vare": "Jakke",
          "Bilde1": "https://www.ymeuniverse.com/images/37900/large.jpg",
          "Bilde2": "https://www.ymeuniverse.com/images/37898/small.jpg",
          "Bilde3": "https://www.ymeuniverse.com/images/37899/small.jpg",
          "Bilde4": "https://www.ymeuniverse.com/images/37901/small.jpg",
          "Farge": "blå",
          "Pris": 5799
        },
        "S009": {
          "Navn": "Pants",
          "Merke": "Stone Island",
          "Vare": "Bukse",
          "Bilde1": "https://www.ymeuniverse.com/images/37894/small.jpg",
          "Bilde2": "https://www.ymeuniverse.com/images/37893/large.jpg",
          "Bilde3": "https://www.ymeuniverse.com/images/37895/small.jpg",
          "Bilde4": "https://www.ymeuniverse.com/images/37896/small.jpg",
          "Farge": "sort",
          "Pris": 2799
        },
        "S010": {
          "Navn": "Heat Reactive Jacket",
          "Merke": "Stone Island",
          "Vare": "Jakke",
          "Bilde1": "https://www.ymeuniverse.com/images/37887/large.jpg",
          "Bilde2": "https://www.ymeuniverse.com/images/37889/small.jpg",
          "Bilde3": "https://www.ymeuniverse.com/images/37888/small.jpg",
          "Bilde4": "https://www.ymeuniverse.com/images/37890/small.jpg",
          "Farge": "lilla",
          "Pris": 8399
        },
        "S011": {
          "Navn": "Cap",
          "Merke": "Stone Island",
          "Vare": "Småting",
          "Bilde1": "https://www.ymeuniverse.com/images/37225/large.jpg",
          "Bilde2": "https://www.ymeuniverse.com/images/37226/small.jpg",
          "Bilde3": "https://www.ymeuniverse.com/images/37224/small.jpg",
          "Bilde4": "https://www.ymeuniverse.com/images/37227/small.jpg",
          "Farge": "rød",
          "Pris": 999
        },
        "S012": {
          "Navn": "Fleece Shorts",
          "Merke": "Stone Island",
          "Vare": "Bukse",
          "Bilde1": "https://www.ymeuniverse.com/images/36960/large.jpg",
          "Bilde2": "https://www.ymeuniverse.com/images/36959/small.jpg",
          "Bilde3": "https://www.ymeuniverse.com/images/36957/small.jpg",
          "Bilde4": "https://www.ymeuniverse.com/images/36958/small.jpg",
          "Farge": "sort",
          "Pris": 1599
        },
        "S013": {
          "Navn": "Cargopant",
          "Merke": "Stone Island",
          "Vare": "Bukse",
          "Bilde1": "https://www.ymeuniverse.com/images/36951/large.jpg",
          "Bilde2": "https://www.ymeuniverse.com/images/36954/small.jpg",
          "Bilde3": "https://www.ymeuniverse.com/images/36952/small.jpg",
          "Bilde4": "https://www.ymeuniverse.com/images/36956/small.jpg",
          "Farge": "sort",
          "Pris": 2799
        },
        "S014": {
          "Navn": "T-shirt",
          "Merke": "Stone Island",
          "Vare": "T-skjorte",
          "Bilde1": "https://www.ymeuniverse.com/images/36450/large.jpg",
          "Bilde2": "https://www.ymeuniverse.com/images/36452/small.jpg",
          "Bilde3": "https://www.ymeuniverse.com/images/36453/small.jpg",
          "Bilde4": "https://www.ymeuniverse.com/images/36454/small.jpg",
          "Farge": "grønn",
          "Pris": 999
        },
        "S015": {
          "Navn": "T-shirt",
          "Merke": "Stone Island",
          "Vare": "T-skjorte",
          "Bilde1": "https://www.ymeuniverse.com/images/36331/large.jpg",
          "Bilde2": "https://www.ymeuniverse.com/images/36336/small.jpg",
          "Bilde3": "https://www.ymeuniverse.com/images/36333/small.jpg",
          "Bilde4": "https://www.ymeuniverse.com/images/36334/small.jpg",
          "Farge": "rød",
          "Pris": 999
        },
        "S016": {
          "Navn": "Pants",
          "Merke": "Stone Island",
          "Vare": "Bukse",
          "Bilde1": "https://www.ymeuniverse.com/images/36416/large.jpg",
          "Bilde2": "https://www.ymeuniverse.com/images/36419/small.jpg",
          "Bilde3": "https://www.ymeuniverse.com/images/36417/small.jpg",
          "Bilde4": "https://www.ymeuniverse.com/images/36420/small.jpg",
          "Farge": "sort",
          "Pris": 2399
        },
        "S017": {
          "Navn": "Knitwear",
          "Merke": "Stone Island",
          "Vare": "Genser",
          "Bilde1": "https://www.ymeuniverse.com/images/35620/large.jpg",
          "Bilde2": "https://www.ymeuniverse.com/images/35623/small.jpg",
          "Bilde3": "https://www.ymeuniverse.com/images/35621/small.jpg",
          "Bilde4": "https://www.ymeuniverse.com/images/35622/small.jpg",
          "Farge": "blå",
          "Pris": 2049
        },
        "S018": {
          "Navn": "T-Shirt",
          "Merke": "Stone Island",
          "Vare": "T-skjorte",
          "Bilde1": "https://www.ymeuniverse.com/images/35613/large.jpg",
          "Bilde2": "https://www.ymeuniverse.com/images/35610/small.jpg",
          "Bilde3": "https://www.ymeuniverse.com/images/35609/small.jpg",
          "Bilde4": "https://www.ymeuniverse.com/images/35615/small.jpg",
          "Farge": "sort",
          "Pris": 999
        },
        "S019": {
          "Navn": "Hoodie",
          "Merke": "Stone Island",
          "Vare": "Hettegenser",
          "Bilde1": "https://www.ymeuniverse.com/images/35605/large.jpg",
          "Bilde2": "https://www.ymeuniverse.com/images/35604/small.jpg",
          "Bilde3": "https://www.ymeuniverse.com/images/35607/small.jpg",
          "Bilde4": "https://www.ymeuniverse.com/images/35608/small.jpg",
          "Farge": "sort",
          "Pris": 2299
        },
        "S020": {
          "Navn": "Terry Sweater",
          "Merke": "Stone Island",
          "Vare": "Genser",
          "Bilde1": "https://www.ymeuniverse.com/images/35455/large.jpg",
          "Bilde2": "https://www.ymeuniverse.com/images/35457/small.jpg",
          "Bilde3": "https://www.ymeuniverse.com/images/35456/small.jpg",
          "Bilde4": "https://www.ymeuniverse.com/images/35458/small.jpg",
          "Farge": "sort",
          "Pris": 2499
        },
        "S021": {
          "Navn": "Logo T-Shirt",
          "Merke": "Stone Island",
          "Vare": "T-skjorte",
          "Bilde1": "https://www.ymeuniverse.com/images/35442/large.jpg",
          "Bilde2": "https://www.ymeuniverse.com/images/35448/small.jpg",
          "Bilde3": "https://www.ymeuniverse.com/images/35444/small.jpg",
          "Bilde4": "https://www.ymeuniverse.com/images/35443/small.jpg",
          "Farge": "hvit",
          "Pris": 999
        },
        "S022": {
          "Navn": "Overshirt",
          "Merke": "Stone Island",
          "Vare": "Jakke",
          "Bilde1": "https://www.ymeuniverse.com/images/35436/large.jpg",
          "Bilde2": "https://www.ymeuniverse.com/images/35441/small.jpg",
          "Bilde3": "https://www.ymeuniverse.com/images/35438/small.jpg",
          "Bilde4": "https://www.ymeuniverse.com/images/35439/small.jpg",
          "Farge": "rød",
          "Pris": 2499
        },
        "S023": {
          "Navn": "Knit Sweater",
          "Merke": "Stone Island",
          "Vare": "Genser",
          "Bilde1": "https://www.ymeuniverse.com/images/35430/large.jpg",
          "Bilde2": "https://www.ymeuniverse.com/images/35435/small.jpg",
          "Bilde3": "https://www.ymeuniverse.com/images/35431/small.jpg",
          "Bilde4": "https://www.ymeuniverse.com/images/35433/small.jpg",
          "Farge": "blå",
          "Pris": 2049
        },
        "S024": {
          "Navn": "Jacket",
          "Merke": "Stone Island",
          "Vare": "Jakke",
          "Bilde1": "https://www.ymeuniverse.com/images/35423/large.jpg",
          "Bilde2": "https://www.ymeuniverse.com/images/35429/small.jpg",
          "Bilde3": "https://www.ymeuniverse.com/images/35427/small.jpg",
          "Bilde4": "https://www.ymeuniverse.com/images/35428/small.jpg",
          "Farge": "sort",
          "Pris": 7749
        },
        "S025": {
          "Navn": "Bermuda Shorts",
          "Merke": "Stone Island",
          "Vare": "Bukse",
          "Bilde1": "https://www.ymeuniverse.com/images/35418/large.jpg",
          "Bilde2": "https://www.ymeuniverse.com/images/35420/small.jpg",
          "Bilde3": "https://www.ymeuniverse.com/images/35419/small.jpg",
          "Bilde4": "https://www.ymeuniverse.com/images/35421/small.jpg",
          "Farge": "beige",
          "Pris": 2499
        },
        "S026": {
          "Navn": "Packable Jacket",
          "Merke": "Stone Island",
          "Vare": "Jakke",
          "Bilde1": "https://www.ymeuniverse.com/images/34447/large.jpg",
          "Bilde2": "https://www.ymeuniverse.com/images/34448/small.jpg",
          "Bilde3": "https://www.ymeuniverse.com/images/34450/small.jpg",
          "Bilde4": "https://www.ymeuniverse.com/images/34451/small.jpg",
          "Farge": "sort",
          "Pris": 7699
        },
        "S027": {
          "Navn": "Overshirt",
          "Merke": "Stone Island",
          "Vare": "Jakke",
          "Bilde1": "https://www.ymeuniverse.com/images/34441/large.jpg",
          "Bilde2": "https://www.ymeuniverse.com/images/34445/small.jpg",
          "Bilde3": "https://www.ymeuniverse.com/images/34444/small.jpg",
          "Bilde4": "https://www.ymeuniverse.com/images/34442/small.jpg",
          "Farge": "beige",
          "Pris": 3299
        },
        "S028": {
          "Navn": "Sweater",
          "Merke": "Stone Island",
          "Vare": "Genser",
          "Bilde1": "https://www.ymeuniverse.com/images/34430/large.jpg",
          "Bilde2": "https://www.ymeuniverse.com/images/34434/small.jpg",
          "Bilde3": "https://www.ymeuniverse.com/images/34431/small.jpg",
          "Bilde4": "https://www.ymeuniverse.com/images/34432/small.jpg",
          "Farge": "beige",
          "Pris": 1999
        },
        "S029": {
          "Navn": "Sweater",
          "Merke": "Stone Island",
          "Vare": "Genser",
          "Bilde1": "https://www.ymeuniverse.com/images/34424/large.jpg",
          "Bilde2": "https://www.ymeuniverse.com/images/34429/small.jpg",
          "Bilde3": "https://www.ymeuniverse.com/images/34425/small.jpg",
          "Bilde4": "https://www.ymeuniverse.com/images/34426/small.jpg",
          "Farge": "sort",
          "Pris": 1999
        },
        "S030": {
          "Navn": "Fleece Shorts",
          "Merke": "Stone Island",
          "Vare": "Bukse",
          "Bilde1": "https://www.ymeuniverse.com/images/33313/large.jpg",
          "Bilde2": "https://www.ymeuniverse.com/images/33316/small.jpg",
          "Bilde3": "https://www.ymeuniverse.com/images/33318/small.jpg",
          "Bilde4": "https://www.ymeuniverse.com/images/33314/small.jpg",
          "Farge": "grønn",
          "Pris": 2699
        },
        "S031": {
          "Navn": "Logo T-Shirt",
          "Merke": "Stone Island",
          "Vare": "T-skjorte",
          "Bilde1": "https://www.ymeuniverse.com/images/33303/large.jpg",
          "Bilde2": "https://www.ymeuniverse.com/images/33304/small.jpg",
          "Bilde3": "https://www.ymeuniverse.com/images/33305/small.jpg",
          "Bilde4": "https://www.ymeuniverse.com/images/33306/small.jpg",
          "Farge": "sort",
          "Pris": 999
        },
        "S032": {
          "Navn": "Real Down Jacket",
          "Merke": "Stone Island",
          "Vare": "Jakke",
          "Bilde1": "https://www.ymeuniverse.com/images/33181/large.jpg",
          "Bilde2": "https://www.ymeuniverse.com/images/33184/small.jpg",
          "Bilde3": "https://www.ymeuniverse.com/images/33185/small.jpg",
          "Bilde4": "https://www.ymeuniverse.com/images/33186/small.jpg",
          "Farge": "grønn",
          "Pris": 6399
        },
        "S033": {
          "Navn": "Overshirt",
          "Merke": "Stone Island",
          "Vare": "Jakke",
          "Bilde1": "https://www.ymeuniverse.com/images/33174/large.jpg",
          "Bilde2": "https://www.ymeuniverse.com/images/33178/small.jpg",
          "Bilde3": "https://www.ymeuniverse.com/images/33179/small.jpg",
          "Bilde4": "https://www.ymeuniverse.com/images/33176/small.jpg",
          "Farge": "grønn",
          "Pris": 2599
        },
        "S034": {
          "Navn": "Knit Sweater",
          "Merke": "Stone Island",
          "Vare": "Genser",
          "Bilde1": "https://www.ymeuniverse.com/images/32151/large.jpg",
          "Bilde2": "https://www.ymeuniverse.com/images/32153/small.jpg",
          "Bilde3": "https://www.ymeuniverse.com/images/32149/small.jpg",
          "Bilde4": "https://www.ymeuniverse.com/images/32150/small.jpg",
          "Farge": "brun",
          "Pris": 2799
        }
      },
      "Burberry": {
        "B001": {
          "Navn": "Guildes",
          "Merke": "Burberry",
          "Vare": "Bukse",
          "Bilde1": "https://www.ymeuniverse.com/images/38154/large.jpg",
          "Bilde2": "https://www.ymeuniverse.com/images/38152/small.jpg",
          "Bilde3": "https://www.ymeuniverse.com/images/38156/small.jpg",
          "Farge": "beige",
          "Pris": 2199
        },
        "B002": {
          "Navn": "Oliver",
          "Vare": "Bukse",
          "Merke": "Burberry",
          "Bilde1": "https://www.ymeuniverse.com/images/37914/large.jpg",
          "Bilde2": "https://www.ymeuniverse.com/images/37919/small.jpg",
          "Bilde3": "https://www.ymeuniverse.com/images/37917/small.jpg",
          "Farge": "sort",
          "Pris": 4699
        },
        "B003": {
          "Navn": "Jameson",
          "Vare": "Skjorte",
          "Merke": "Burberry",
          "Bilde1": "https://www.ymeuniverse.com/images/37841/large.jpg",
          "Bilde2": "https://www.ymeuniverse.com/images/37842/small.jpg",
          "Bilde3": "https://www.ymeuniverse.com/images/37843/small.jpg",
          "Farge": "beige",
          "Pris": 3099
        },
        "B004": {
          "Navn": "Barratt",
          "Vare": "T-skjorte",
          "Merke": "Burberry",
          "Bilde1": "https://www.ymeuniverse.com/images/35677/large.jpg",
          "Bilde2": "https://www.ymeuniverse.com/images/35682/small.jpg",
          "Bilde3": "https://www.ymeuniverse.com/images/35680/small.jpg",
          "Farge": "blå",
          "Pris": 2899
        },
        "B005": {
          "Navn": "Hartford",
          "Vare": "T-skjorte",
          "Merke": "Burberry",
          "Bilde1": "https://www.ymeuniverse.com/images/35507/large.jpg",
          "Bilde2": "https://www.ymeuniverse.com/images/35511/small.jpg",
          "Bilde3": "https://www.ymeuniverse.com/images/35508/small.jpg",
          "Farge": "beige",
          "Pris": 2099
        },
        "B006": {
          "Navn": "Soleford",
          "Vare": "T-skjorte",
          "Merke": "Burberry",
          "Bilde1": "https://www.ymeuniverse.com/images/35500/large.jpg",
          "Bilde2": "https://www.ymeuniverse.com/images/35506/small.jpg",
          "Bilde3": "https://www.ymeuniverse.com/images/35501/small.jpg",
          "Bilde4": "https://www.ymeuniverse.com/images/35502/small.jpg",
          "Farge": "hvit",
          "Pris": 2599
        },
        "B007": {
          "Navn": "Kensington Cashmere Coat",
          "Vare": "Jakke",
          "Merke": "Burberry",
          "Bilde1": "https://www.ymeuniverse.com/images/32252/large.jpg",
          "Bilde2": "https://www.ymeuniverse.com/images/32255/small.jpg",
          "Bilde3": "https://www.ymeuniverse.com/images/32257/small.jpg",
          "Bilde4": "https://www.ymeuniverse.com/images/32256/small.jpg",
          "Farge": "beige",
          "Pris": 18499
        },
        "B008": {
          "Navn": "Bandana",
          "Vare": "Småting",
          "Merke": "Burberry",
          "Bilde1": "https://www.ymeuniverse.com/images/30001/large.jpg",
          "Bilde2": "https://www.ymeuniverse.com/images/30002/small.jpg",
          "Bilde3": "https://www.ymeuniverse.com/images/30001/small.jpg",
          "Farge": "rød",
          "Pris": 3999
        },
        "B009": {
          "Navn": "Down Filled Anorak with Detachable Mittens",
          "Vare": "Jakke",
          "Merke": "Burberry",
          "Bilde1": "https://www.ymeuniverse.com/images/27116/large.jpg",
          "Bilde2": "https://www.ymeuniverse.com/images/27124/small.jpg",
          "Bilde3": "https://www.ymeuniverse.com/images/27130/small.jpg",
          "Bilde4": "https://www.ymeuniverse.com/images/27123/small.jpg",
          "Farge": "gul",
          "Pris": 10099
        }
      },
      "Saint_Laurent": {
        "SL001": {
          "Navn": "YSL belte",
          "Vare": "Småting",
          "Merke": "Saint Laurent",
          "Bilde1": "https://www.ymeuniverse.com/images/38505/large.jpg",
          "Bilde2": "https://www.ymeuniverse.com/images/38506/small.jpg",
          "Bilde3": "https://www.ymeuniverse.com/images/38507/small.jpg",
          "Bilde4": "String",
          "Farge": "sort",
          "Pris": 4399
        },
        "SL002": {
          "Navn": "YSL Credit Card Case",
          "Vare": "Småting",
          "Merke": "Saint Laurent",
          "Bilde1": "https://www.ymeuniverse.com/images/38443/large.jpg",
          "Bilde2": "https://www.ymeuniverse.com/images/38442/small.jpg",
          "Bilde3": "https://www.ymeuniverse.com/images/38444/small.jpg",
          "Bilde4": "String",
          "Farge": "sort",
          "Pris": 1799
        },
        "SL003": {
          "Navn": "Slim Fit Jeans",
          "Vare": "Bukse",
          "Merke": "Saint Laurent",
          "Bilde1": "https://www.ymeuniverse.com/images/38159/large.jpg",
          "Bilde2": "https://www.ymeuniverse.com/images/38157/small.jpg",
          "Bilde3": "https://www.ymeuniverse.com/images/38161/small.jpg",
          "Bilde4": "https://www.ymeuniverse.com/images/38160/small.jpg",
          "Farge": "sort",
          "Pris": 3999
        },
        "SL004": {
          "Navn": "YSL Logo Drawstring Backpack",
          "Vare": "Småting",
          "Merke": "Saint Laurent",
          "Bilde1": "https://www.ymeuniverse.com/images/37784/large.jpg",
          "Bilde2": "https://www.ymeuniverse.com/images/37785/small.jpg",
          "Bilde3": "https://www.ymeuniverse.com/images/37787/small.jpg",
          "Bilde4": "https://www.ymeuniverse.com/images/37788/small.jpg",
          "Farge": "sort",
          "Pris": 9299
        },
        "SL005": {
          "Navn": "Classic Western Shirt",
          "Vare": "Skjorte",
          "Merke": "Saint Laurent",
          "Bilde1": "https://www.ymeuniverse.com/images/36779/large.jpg",
          "Bilde2": "https://www.ymeuniverse.com/images/36780/small.jpg",
          "Bilde3": "https://www.ymeuniverse.com/images/36783/small.jpg",
          "Bilde4": "https://www.ymeuniverse.com/images/36781/small.jpg",
          "Farge": "sort",
          "Pris": 5799
        },
        "SL006": {
          "Navn": "Damaged Advert Popover Hoody",
          "Vare": "Hettegenser",
          "Merke": "Saint Laurent",
          "Bilde1": "https://www.ymeuniverse.com/images/36774/large.jpg",
          "Bilde2": "https://www.ymeuniverse.com/images/36775/small.jpg",
          "Bilde3": "https://www.ymeuniverse.com/images/36776/small.jpg",
          "Bilde4": "https://www.ymeuniverse.com/images/36777/small.jpg",
          "Farge": "sort",
          "Pris": 6299
        },
        "SL007": {
          "Navn": "Logo T-Shirt",
          "Vare": "T-skjorte",
          "Merke": "Saint Laurent",
          "Bilde1": "https://www.ymeuniverse.com/images/36773/large.jpg",
          "Bilde2": "https://www.ymeuniverse.com/images/36770/small.jpg",
          "Bilde3": "https://www.ymeuniverse.com/images/36771/small.jpg",
          "Bilde4": "https://www.ymeuniverse.com/images/36772/small.jpg",
          "Farge": "sort",
          "Pris": 2899
        },
        "SL008": {
          "Navn": "Damaged Signature Hoody",
          "Vare": "Hettegenser",
          "Merke": "Saint Laurent",
          "Bilde1": "https://www.ymeuniverse.com/images/36765/large.jpg",
          "Bilde2": "https://www.ymeuniverse.com/images/36766/small.jpg",
          "Bilde3": "https://www.ymeuniverse.com/images/36767/small.jpg",
          "Bilde4": "https://www.ymeuniverse.com/images/36768/small.jpg",
          "Farge": "sort",
          "Pris": 6299
        },
        "SL009": {
          "Navn": "Logo T-Shirt",
          "Vare": "T-skjorte",
          "Merke": "Saint Laurent",
          "Bilde1": "https://www.ymeuniverse.com/images/36761/large.jpg",
          "Bilde2": "https://www.ymeuniverse.com/images/36760/small.jpg",
          "Bilde3": "https://www.ymeuniverse.com/images/36762/small.jpg",
          "Bilde4": "https://www.ymeuniverse.com/images/36763/small.jpg",
          "Farge": "grå",
          "Pris": 2899
        },
        "SL010": {
          "Navn": "The Song T-Shirt",
          "Vare": "T-skjorte",
          "Merke": "Saint Laurent",
          "Bilde1": "https://www.ymeuniverse.com/images/36756/large.jpg",
          "Bilde2": "https://www.ymeuniverse.com/images/36760/small.jpg",
          "Bilde3": "https://www.ymeuniverse.com/images/36758/small.jpg",
          "Bilde4": "https://www.ymeuniverse.com/images/36759/small.jpg",
          "Farge": "grå",
          "Pris": 2899
        },
        "SL011": {
          "Navn": "Signature Logo Tee",
          "Vare": "T-skjorte",
          "Merke": "Saint Laurent",
          "Bilde1": "https://www.ymeuniverse.com/images/36752/large.jpg",
          "Bilde2": "https://www.ymeuniverse.com/images/36750/small.jpg",
          "Bilde3": "https://www.ymeuniverse.com/images/36751/small.jpg",
          "Bilde4": "https://www.ymeuniverse.com/images/36753/small.jpg",
          "Farge": "hvit",
          "Pris": 3199
        },
        "SL012": {
          "Navn": "Teddy Squelette Jacket",
          "Vare": "Jakke",
          "Merke": "Saint Laurent",
          "Bilde1": "https://www.ymeuniverse.com/images/35494/large.jpg",
          "Bilde2": "https://www.ymeuniverse.com/images/35495/small.jpg",
          "Bilde3": "https://www.ymeuniverse.com/images/35496/small.jpg",
          "Bilde4": "https://www.ymeuniverse.com/images/35497/small.jpg",
          "Farge": "sort",
          "Pris": 24999
        },
        "SL013": {
          "Navn": "Slim Fit Holes Jeans",
          "Vare": "Bukse",
          "Merke": "Saint Laurent",
          "Bilde1": "https://www.ymeuniverse.com/images/35412/large.jpg",
          "Bilde2": "https://www.ymeuniverse.com/images/35413/small.jpg",
          "Bilde3": "https://www.ymeuniverse.com/images/35414/small.jpg",
          "Bilde4": "https://www.ymeuniverse.com/images/35415/small.jpg",
          "Farge": "blå",
          "Pris": 5499
        },
        "SL014": {
          "Navn": "Logo Hoodie",
          "Vare": "Hettegenser",
          "Merke": "Saint Laurent",
          "Bilde1": "https://www.ymeuniverse.com/images/35263/large.jpg",
          "Bilde2": "https://www.ymeuniverse.com/images/35265/small.jpg",
          "Bilde3": "https://www.ymeuniverse.com/images/35266/small.jpg",
          "Bilde4": "https://www.ymeuniverse.com/images/35268/small.jpg",
          "Farge": "rosa",
          "Pris": 6299
        }
      }
    },
    "sko": {
      "Nike": {
        "N001": {
          "Navn": "Nike React Element 55 PRM",
          "Merke": "Nike",
          "Release": 1,
          "Bilde1": "https://www.ymeuniverse.com/images/39954/large.jpg",
          "Bilde2": "https://www.ymeuniverse.com/images/39952/small.jpg",
          "Bilde3": "https://www.ymeuniverse.com/images/39953/small.jpg",
          "Bilde4": "https://www.ymeuniverse.com/images/39950/small.jpg",
          "Farge": "multi",
          "Pris": 1499
        },
        "N002": {
          "Navn": "Nike React Element 87",
          "Merke": "Nike",
          "Release": 2,
          "Bilde1": "https://www.ymeuniverse.com/images/39942/large.jpg",
          "Bilde2": "https://www.ymeuniverse.com/images/39941/small.jpg",
          "Bilde3": "https://www.ymeuniverse.com/images/39943/small.jpg",
          "Bilde4": "https://www.ymeuniverse.com/images/39940/small.jpg",
          "Farge": "multi",
          "Pris": 1699
        },
        "N003": {
          "Navn": "Air Max 720",
          "Merke": "Nike",
          "Release": 4,
          "Bilde1": "https://www.ymeuniverse.com/images/39857/large.jpg",
          "Bilde2": "https://www.ymeuniverse.com/images/39856/small.jpg",
          "Bilde3": "https://www.ymeuniverse.com/images/39858/small.jpg",
          "Bilde4": "https://www.ymeuniverse.com/images/39860/small.jpg",
          "Farge": "multi",
          "Pris": 2049
        },
        "N004": {
          "Navn": "Air Force 1 ´07 PRM",
          "Merke": "Nike",
          "Release": 10,
          "Bilde1": "https://www.ymeuniverse.com/images/38544/large.jpg",
          "Bilde2": "https://www.ymeuniverse.com/images/38545/small.jpg",
          "Bilde3": "https://www.ymeuniverse.com/images/38542/small.jpg",
          "Bilde4": "https://www.ymeuniverse.com/images/38543/small.jpg",
          "Farge": "multi",
          "Pris": 1399
        },
        "N005": {
          "Navn": "Air Max 270 Bowfin",
          "Merke": "Nike",
          "Release": 11,
          "Bilde1": "https://www.ymeuniverse.com/images/38516/large.jpg",
          "Bilde2": "https://www.ymeuniverse.com/images/38517/small.jpg",
          "Bilde3": "https://www.ymeuniverse.com/images/38518/small.jpg",
          "Bilde4": "https://www.ymeuniverse.com/images/38519/small.jpg",
          "Farge": "multi",
          "Pris": 1699
        },
        "N006": {
          "Navn": "Air Force 1 ´07 PRM 3",
          "Merke": "Nike",
          "Release": 14,
          "Bilde1": "https://www.ymeuniverse.com/images/37980/large.jpg",
          "Bilde2": "https://www.ymeuniverse.com/images/37978/small.jpg",
          "Bilde3": "https://www.ymeuniverse.com/images/37979/small.jpg",
          "Bilde4": "https://www.ymeuniverse.com/images/37977/small.jpg",
          "Farge": "multi",
          "Pris": 1399
        },
        "N007": {
          "Navn": "Air Tailwind 79",
          "Merke": "Nike",
          "Release": 16,
          "Bilde1": "https://www.ymeuniverse.com/images/37531/large.jpg",
          "Bilde2": "https://www.ymeuniverse.com/images/37529/small.jpg",
          "Bilde3": "https://www.ymeuniverse.com/images/37530/small.jpg",
          "Bilde4": "https://www.ymeuniverse.com/images/37528/small.jpg",
          "Farge": "multi",
          "Pris": 999
        },
        "N008": {
          "Navn": "Moon Racer QS",
          "Merke": "Nike",
          "Release": 19,
          "Bilde1": "https://www.ymeuniverse.com/images/36560/large.jpg",
          "Bilde2": "https://www.ymeuniverse.com/images/36559/small.jpg",
          "Bilde3": "https://www.ymeuniverse.com/images/36561/small.jpg",
          "Bilde4": "https://www.ymeuniverse.com/images/36562/small.jpg",
          "Farge": "multi",
          "Pris": 1599
        },
        "N009": {
          "Navn": "Air Max 98",
          "Merke": "Nike",
          "Release": 20,
          "Bilde1": "https://www.ymeuniverse.com/images/35872/large.jpg",
          "Bilde2": "https://www.ymeuniverse.com/images/35869/small.jpg",
          "Bilde3": "https://www.ymeuniverse.com/images/35870/small.jpg",
          "Bilde4": "https://www.ymeuniverse.com/images/35871/small.jpg",
          "Farge": "multi",
          "Pris": 1949
        },
        "N010": {
          "Navn": "Air Max 98",
          "Merke": "Nike",
          "Release": 21,
          "Bilde1": "https://www.ymeuniverse.com/images/34720/large.jpg",
          "Bilde2": "https://www.ymeuniverse.com/images/34721/small.jpg",
          "Bilde3": "https://www.ymeuniverse.com/images/34723/small.jpg",
          "Bilde4": "https://www.ymeuniverse.com/images/34719/small.jpg",
          "Farge": "multi",
          "Pris": 1949
        }
      },
      "Addidas": {
        "A001": {
          "Navn": "Handball SPZL",
          "Release": 5,
          "Merke": "Addidas",
          "Bilde1": "https://www.ymeuniverse.com/images/39838/large.jpg",
          "Bilde2": "https://www.ymeuniverse.com/images/39836/small.jpg",
          "Bilde3": "https://www.ymeuniverse.com/images/39837/small.jpg",
          "Bilde4": "https://www.ymeuniverse.com/images/39839/small.jpg",
          "Farge": "multi",
          "Pris": 1099
        },
        "A002": {
          "Navn": "Samba OG 420",
          "Release": 6,
          "Merke": "Addidas",
          "Bilde1": "https://www.ymeuniverse.com/images/39769/large.jpg",
          "Bilde2": "https://www.ymeuniverse.com/images/39767/small.jpg",
          "Bilde3": "https://www.ymeuniverse.com/images/39768/small.jpg",
          "Bilde4": "https://www.ymeuniverse.com/images/39766/small.jpg",
          "Farge": "multi",
          "Pris": 1099
        },
        "A003": {
          "Navn": "Ultra Tech",
          "Release": 7,
          "Merke": "Addidas",
          "Bilde1": "https://www.ymeuniverse.com/images/38747/large.jpg",
          "Bilde2": "https://www.ymeuniverse.com/images/38746/small.jpg",
          "Bilde3": "https://www.ymeuniverse.com/images/38748/small.jpg",
          "Bilde4": "https://www.ymeuniverse.com/images/38745/small.jpg",
          "Farge": "multi",
          "Pris": 1499
        },
        "A004": {
          "Navn": "Forest Grove",
          "Release": 8,
          "Merke": "Addidas",
          "Bilde1": "https://www.ymeuniverse.com/images/38737/large.jpg",
          "Bilde2": "https://www.ymeuniverse.com/images/38736/small.jpg",
          "Bilde3": "https://www.ymeuniverse.com/images/38738/small.jpg",
          "Bilde4": "https://www.ymeuniverse.com/images/38735/small.jpg",
          "Farge": "multi",
          "Pris": 899
        },
        "A005": {
          "Navn": "Nite Jogger",
          "Release": 9,
          "Merke": "Addidas",
          "Bilde1": "https://www.ymeuniverse.com/images/38680/large.jpg",
          "Bilde2": "https://www.ymeuniverse.com/images/38677/small.jpg",
          "Bilde3": "https://www.ymeuniverse.com/images/38678/small.jpg",
          "Bilde4": "https://www.ymeuniverse.com/images/38679/small.jpg",
          "Farge": "multi",
          "Pris": 1299
        },
        "A006": {
          "Navn": "I-5923",
          "Release": 12,
          "Merke": "Addidas",
          "Bilde1": "https://www.ymeuniverse.com/images/38396/large.jpg",
          "Bilde2": "https://www.ymeuniverse.com/images/38395/small.jpg",
          "Bilde3": "https://www.ymeuniverse.com/images/38397/small.jpg",
          "Bilde4": "https://www.ymeuniverse.com/images/38394/small.jpg",
          "Farge": "multi",
          "Pris": 1499
        },
        "A007": {
          "Navn": "A.R. Trainer",
          "Release": 13,
          "Merke": "Addidas",
          "Bilde1": "https://www.ymeuniverse.com/images/38287/large.jpg",
          "Bilde2": "https://www.ymeuniverse.com/images/38284/small.jpg",
          "Bilde3": "https://www.ymeuniverse.com/images/38286/small.jpg",
          "Bilde4": "https://www.ymeuniverse.com/images/38288/small.jpg",
          "Farge": "multi",
          "Pris": 1099
        },
        "A008": {
          "Navn": "Young-1",
          "Release": 15,
          "Merke": "Addidas",
          "Bilde1": "https://www.ymeuniverse.com/images/37580/large.jpg",
          "Bilde2": "https://www.ymeuniverse.com/images/37578/small.jpg",
          "Bilde3": "https://www.ymeuniverse.com/images/37579/small.jpg",
          "Bilde4": "https://www.ymeuniverse.com/images/37582/small.jpg",
          "Farge": "multi",
          "Pris": 1299
        },
        "A009": {
          "Navn": "Young-1",
          "Release": 17,
          "Merke": "Addidas",
          "Bilde1": "https://www.ymeuniverse.com/images/37149/large.jpg",
          "Bilde2": "https://www.ymeuniverse.com/images/37147/small.jpg",
          "Bilde3": "https://www.ymeuniverse.com/images/37148/small.jpg",
          "Bilde4": "https://www.ymeuniverse.com/images/37146/small.jpg",
          "Farge": "multi",
          "Pris": 1299
        },
        "A010": {
          "Navn": "Temper Run",
          "Release": 18,
          "Merke": "Addidas",
          "Bilde1": "https://www.ymeuniverse.com/images/37144/large.jpg",
          "Bilde2": "https://www.ymeuniverse.com/images/37141/small.jpg",
          "Bilde3": "https://www.ymeuniverse.com/images/37143/small.jpg",
          "Bilde4": "https://www.ymeuniverse.com/images/37142/small.jpg",
          "Farge": "multi",
          "Pris": 1399
        },
        "A011": {
          "Navn": "EQT Support 91/18",
          "Release": 22,
          "Merke": "Addidas",
          "Bilde1": "https://www.ymeuniverse.com/images/34039/large.jpg",
          "Bilde2": "https://www.ymeuniverse.com/images/34038/small.jpg",
          "Bilde3": "https://www.ymeuniverse.com/images/34037/small.jpg",
          "Bilde4": "https://www.ymeuniverse.com/images/34040/small.jpg",
          "Farge": "multi",
          "Pris": 1699
        }
      }
    }
  }
}
